,model_idx,D_crit,D,KB_mccB,KB_mccV,K_omega_mccB,K_omega_mccV,kA_1,kBmax_mccB,kBmax_mccV,mu_max_x,mu_max_c,nB_mccB,nB_mccV,n_omega_mccB,n_omega_mccV,omega_max_mccB,omega_max_mccV,N_x,N_c
0,108,0.03234517776372929,0.15559469823295727,0.023247939259423922,0.019945483492991967,0.02202095048983721,0.08962812752760962,0.015764042488758706,0.052916597985962294,0.015780493913292393,0.26670608619652003,0.3060113505245928,0.015687567323062535,0.042694577227139596,0.02287041899701897,0.016608847096946544,0.16971254409940106,0.08079348894144828,0.05310366505794095,0.03187097738711764
