,model_idx,D_crit,D,KB_mccB,KB_mccV,K_omega_mccB,K_omega_mccV,kA_1,kBmax_mccB,kBmax_mccV,mu_max_x,mu_max_c,nB_mccB,nB_mccV,n_omega_mccB,n_omega_mccV,omega_max_mccB,omega_max_mccV,N_x,N_c
0,115,0.680085972564981,0.5158996080414717,0.406435706157542,0.37757617903654067,0.4281198634467063,0.4734795802250601,0.6564040965988115,0.4412378303198887,0.3914843848779871,0.6029207232267038,0.9572638765962828,0.7254393728663548,0.5066696168921482,0.47837906182829687,0.3573776710077128,0.6563092679226198,0.32975091667720313,0.3051586799848274,0.4898849412062208
