,model_idx,D_crit,D,KB_mccB,KB_mccV,K_omega_mccB,K_omega_mccV,kA_1,kBmax_mccB,kBmax_mccV,mu_max_x,mu_max_c,nB_mccB,nB_mccV,n_omega_mccB,n_omega_mccV,omega_max_mccB,omega_max_mccV,N_x,N_c
0,109,0.02414331120860847,0.15839315789218542,0.008925318360545553,0.010997714049962526,0.012893694584624027,0.04129640692895831,0.02115325024870024,0.024121690768711457,0.011612161192965154,0.06688269589784301,0.3135041933960423,0.016081286643259918,0.013430913254836141,0.017820210967202155,0.010393408824923012,0.17943487893611665,0.10145177409572997,0.04722418256779076,0.016903802568622506
