,model_idx,D_crit,D,KB_mccB,KB_mccV,K_omega_mccB,K_omega_mccV,kA_1,kA_2,kBmax_mccB,kBmax_mccV,mu_max_x,mu_max_c,nB_mccB,nB_mccV,n_omega_mccB,n_omega_mccV,omega_max_mccB,omega_max_mccV,N_x,N_c
0,36,0.5553221800369612,0.6166677124511096,0.4386647424232917,0.49801300955846983,0.5133860408692561,0.5101859404739495,0.5763736378657631,0.5223693292338583,0.23996569827027253,0.5680491937001946,0.348549496977683,0.9745246909706972,0.30537951517433226,0.2072744765848864,0.40255380560958776,0.26847378218401624,0.4167032691221685,0.8675409424609399,0.22925686557486774,0.2372989479408505
