,model_idx,D_crit,D,KB_mccB,KB_mccV,K_omega_mccB,K_omega_mccV,kA_1,kA_2,kBmax_mccB,kBmax_mccV,mu_max_x,mu_max_c,nB_mccB,nB_mccV,n_omega_mccB,n_omega_mccV,omega_max_mccB,omega_max_mccV,N_x,N_c
0,54,0.024841315689314164,0.22044109358758585,0.017069828526726866,0.022812471674574952,0.014462138493384569,0.04810080065404221,0.018949623499192325,0.011107322846803436,0.01944537832084209,0.01943518646725345,0.06916486917246645,0.3189078979488513,0.008985314488635598,0.021083027740241345,0.00643049999520931,0.009442845619788032,0.16956607377833632,0.09900619252614923,0.03393269968041501,0.014925706729158605
