,model_idx,D_crit,D,KB_mccB,KB_mccV,K_omega_mccB,K_omega_mccV,kA_1,kA_2,kBmax_mccB,kBmax_mccV,mu_max_x,mu_max_c,nB_mccB,nB_mccV,n_omega_mccB,n_omega_mccV,omega_max_mccB,omega_max_mccV,N_x,N_c
0,104,0.19458962993701534,0.6745582578079156,0.06907609050009783,0.09112994718654233,0.06998369955010753,0.3045341331420747,0.0868461889548151,0.08101454000130404,0.10720349481645694,0.08654756471278607,0.34672752167959836,0.9331629392971246,0.09688074590858708,0.16207080915433258,0.1274551737627958,0.11545804264197695,0.0848601421399231,0.18441024972289238,0.13146117232835625,0.11857860076938126
