,model_idx,D_crit,D,KB_mccB,KB_mccV,K_omega_mccB,K_omega_mccV,kA_1,kA_2,kBmax_mccB,kBmax_mccV,mu_max_x,mu_max_c,nB_mccB,nB_mccV,n_omega_mccB,n_omega_mccV,omega_max_mccB,omega_max_mccV,N_x,N_c
0,121,0.019916742947451035,0.09304592730996392,0.005893249911220866,0.00898764094759108,0.006438651950658847,0.037990827125988114,0.008172816008456207,0.008782430634209026,0.012377448447127515,0.0033528225924638125,0.020692920525721026,0.33990560402716663,0.0069485345955046796,0.007130836634850146,0.010465841680841081,0.006070692619710022,0.01420737217568746,0.15751270290791614,0.01151314317871821,0.00525015989512484
