,model_idx,D_crit,D,KB_mccB,KB_mccV,K_omega_mccB,K_omega_mccV,kA_1,kBmax_mccB,kBmax_mccV,mu_max_x,mu_max_c,nB_mccB,nB_mccV,n_omega_mccB,n_omega_mccV,omega_max_mccB,omega_max_mccV,N_x,N_c
0,81,0.6083077646490384,0.6062699936020473,0.6797824696097249,0.26858605246321177,0.3477287268074216,0.39526551503518875,0.4239923224568138,0.5665387076135637,0.3435700575815739,0.5640435060780551,0.96468330134357,0.6085732565579015,0.2195777351247601,0.37088931541906583,0.5619961612284069,0.39539347408829173,0.6505438259756877,0.4971209213051824,0.2446577095329494
