,model_idx,D_crit,D,KB_mccB,KB_mccV,K_omega_mccB,K_omega_mccV,kA_1,kA_2,kBmax_mccB,kBmax_mccV,mu_max_x,mu_max_c,nB_mccB,nB_mccV,n_omega_mccB,n_omega_mccV,omega_max_mccB,omega_max_mccV,N_x,N_c
0,95,0.01978800493387983,0.22856693620844565,0.007578616352201251,0.007799303683737713,0.007794811320754769,0.0131581311769991,0.012030548068283964,0.010021338724168938,0.01068789308176099,0.0066099505840072625,0.02779256513926326,0.08890386343216533,0.04431154537286608,0.011070867026055697,0.04189633872416898,0.005066262353998208,0.10117362982929023,0.0715751347708895,0.024011118598382786,0.010440251572327086
