,model_idx,D_crit,D,KB_mccB,KB_mccV,K_omega_mccB,K_omega_mccV,kA_1,kA_2,kBmax_mccB,kBmax_mccV,mu_max_x,mu_max_c,nB_mccB,nB_mccV,n_omega_mccB,n_omega_mccV,omega_max_mccB,omega_max_mccV,N_x,N_c
0,96,0.7852712667832328,0.6021792588823878,0.6476087509539558,0.49272873738658524,0.3332697362842364,0.3332697362842364,0.5422284406003561,0.6460824217756296,0.7731493258712796,0.5704443313830238,0.6171457644365301,0.9496947341643348,0.4550792843212075,0.5603535995929789,0.5086915967099126,0.6989315695751717,0.6129483591961333,0.3579029933011108,0.7853599592978886,0.8083184940218774
