,model_idx,D_crit,D,KB_mccB,KB_mccV,K_omega_mccB,K_omega_mccV,kA_1,kA_2,kBmax_mccB,kBmax_mccV,mu_max_x,mu_max_c,nB_mccB,nB_mccV,n_omega_mccB,n_omega_mccV,omega_max_mccB,omega_max_mccV,N_x,N_c
0,102,0.0238763250061964,0.12358411465238456,0.017002838204873583,0.020979814751748205,0.016564566278736037,0.00862603651809063,0.013311458165533141,0.019227381370420737,0.00832866219254988,0.021342527924801402,0.18844895172746007,0.4664350881762859,0.012370790637444784,0.01352093507150659,0.01473445538341317,0.014500394619219703,0.013385677113923578,0.11734461303480409,0.013848875639016822,0.01858770252472175
