,model_idx,D_crit,D,KB_mccB,KB_mccV,K_omega_mccB,K_omega_mccV,kA_1,kA_2,kBmax_mccB,kBmax_mccV,mu_max_x,mu_max_c,nB_mccB,nB_mccV,n_omega_mccB,n_omega_mccV,omega_max_mccB,omega_max_mccV,N_x,N_c
0,93,0.018717797813258955,0.1912151752317,0.009849988821174382,0.006648859134287366,0.007712010357013521,0.01535884030189566,0.0040133587767894885,0.00541855479757658,0.006732964961358445,0.009545065101823513,0.06037124767562224,0.10471144195302584,0.017121838934454292,0.006841409192811787,0.013594293955318637,0.010976115164036848,0.014791879778065842,0.08564087068456433,0.012844631004128026,0.0065022994379151655
