,model_idx,D_crit,D,KB_mccB,KB_mccV,K_omega_mccB,K_omega_mccV,kA_1,kBmax_mccB,kBmax_mccV,mu_max_x,mu_max_c,nB_mccB,nB_mccV,n_omega_mccB,n_omega_mccV,omega_max_mccB,omega_max_mccV,N_x,N_c
0,43,0.023465725918387637,0.2707122038471189,0.010903440988895619,0.019120943971781768,0.019444253806620293,0.011805411087829482,0.014826544005524689,0.007976584432658251,0.0248852509234615,0.25388311375430456,0.25012421245727634,0.03017214416794811,0.01849536893065762,0.01178718134589829,0.011556092558476394,0.036451173244743895,0.032076794753837706,0.017407705676169727,0.011935610764269411
