,model_idx,D_crit,D,KB_mccB,KB_mccV,K_omega_mccB,K_omega_mccV,kA_1,kA_2,kBmax_mccB,kBmax_mccV,mu_max_x,mu_max_c,nB_mccB,nB_mccV,n_omega_mccB,n_omega_mccV,omega_max_mccB,omega_max_mccV,N_x,N_c
0,0,0.034053405287295106,0.1015764567021129,0.026007348685677445,0.021403899394019432,0.017728843284577467,0.014768127811267406,0.02342973092147016,0.01857314184772213,0.01848533822085452,0.02993796969769158,0.4218925754365823,0.21663822380752187,0.012704136299759722,0.012382665181732144,0.024303273584546314,0.01545821724257812,0.20748196744603858,0.07111608752174226,0.03275503244597222,0.01631899235958656
