,model_idx,D_crit,D,KB_mccB,KB_mccV,K_omega_mccB,K_omega_mccV,kA_1,kBmax_mccB,kBmax_mccV,mu_max_x,mu_max_c,nB_mccB,nB_mccV,n_omega_mccB,n_omega_mccV,omega_max_mccB,omega_max_mccV,N_x,N_c
0,68,0.024392291494917524,0.15675948450614352,0.017988785791899553,0.027845466402340202,0.03257985784338718,0.006763350881905994,0.030231048887600726,0.012693168429065732,0.024592097357060083,0.18011296690783304,0.46093889350626444,0.020031034109453394,0.0205307416968864,0.007704684500873804,0.011156813900164986,0.014669086922427854,0.11114850835223083,0.010047880051849534,0.02016850524767433
