,model_idx,D_crit,D,KB_mccB,KB_mccV,K_omega_mccB,K_omega_mccV,kA_1,kA_2,kBmax_mccB,kBmax_mccV,mu_max_x,mu_max_c,nB_mccB,nB_mccV,n_omega_mccB,n_omega_mccV,omega_max_mccB,omega_max_mccV,N_x,N_c
0,12,0.02341383356137421,0.2777128655081686,0.014358240001743905,0.015160497854344923,0.0251225080029574,0.01566090595151748,0.011449019217880232,0.0172417736296126,0.009002445971776463,0.01003031363137269,0.2580361225961256,0.24497554607688254,0.03484148039407653,0.0167356295655674,0.015419628593064283,0.008778317833973343,0.030815315759181727,0.03536861721667617,0.010504814522670103,0.012425688605390312
