,model_idx,D_crit,D,KB_mccB,KB_mccV,K_omega_mccB,K_omega_mccV,kA_1,kA_2,kBmax_mccB,kBmax_mccV,mu_max_x,mu_max_c,nB_mccB,nB_mccV,n_omega_mccB,n_omega_mccV,omega_max_mccB,omega_max_mccV,N_x,N_c
0,7,0.0200108555218106,0.23211118077824344,0.004597288900877905,0.00793809013953431,0.007848133252075395,0.016909435083631186,0.007266283202007617,0.009991930039466634,0.00571306275129313,0.006872936560208709,0.030992275616033793,0.08814002382998559,0.03656253571286483,0.007792612985596872,0.027328757947997495,0.0074056109593413355,0.10290786810024521,0.063270282691471,0.030404237125574385,0.005892371347497649
