,model_idx,D_crit,D,KB_mccB,KB_mccV,K_omega_mccB,K_omega_mccV,kA_1,kBmax_mccB,kBmax_mccV,mu_max_x,mu_max_c,nB_mccB,nB_mccV,n_omega_mccB,n_omega_mccV,omega_max_mccB,omega_max_mccV,N_x,N_c
0,67,0.019484625624512315,0.09126514307698222,0.010083931682754232,0.0045055258802066955,0.00604950431921597,0.04401186930607576,0.00459742313357786,0.009507827053065604,0.00805729657159504,0.032353188525452714,0.3192467216491068,0.01005306185095367,0.006181873148215777,0.014022729284052904,0.005079241343590668,0.01044095427016678,0.15546505293418827,0.011648835612303454,0.005916441279629536
