,model_idx,D_crit,D,KB_mccB,KB_mccV,K_omega_mccB,K_omega_mccV,kA_1,kA_2,kBmax_mccB,kBmax_mccV,mu_max_x,mu_max_c,nB_mccB,nB_mccV,n_omega_mccB,n_omega_mccV,omega_max_mccB,omega_max_mccV,N_x,N_c
0,116,0.9617265863688713,0.49993618786293154,0.620317784442601,0.49993618786293154,0.9178737795928785,0.49993618786293154,0.49993618786293154,0.9007083147214601,0.9694339863442026,0.9550762555037968,0.6002807734031013,0.9969370174207134,0.49993618786293154,0.7224810158892221,0.624657009763257,0.504881628485738,0.9659243188054368,0.5129219577563653,0.49993618786293154,0.49993618786293154
