,model_idx,D_crit,D,KB_mccB,KB_mccV,K_omega_mccB,K_omega_mccV,kA_1,kBmax_mccB,kBmax_mccV,mu_max_x,mu_max_c,nB_mccB,nB_mccV,n_omega_mccB,n_omega_mccV,omega_max_mccB,omega_max_mccV,N_x,N_c
0,66,0.0235161978245042,0.11493684856144214,0.011483229567777031,0.008619363679025716,0.010293092941631082,0.014781831885070096,0.012870647082512038,0.009100381784920841,0.009914681853283591,0.17546663665841739,0.46401050252800935,0.010999726740523408,0.01841784738829441,0.009722250661803988,0.009173935524414478,0.007763856153433335,0.12483003607815418,0.014154798978857352,0.012585637568124697
