,model_idx,D_crit,D,KB_mccB,KB_mccV,K_omega_mccB,K_omega_mccV,kA_1,kA_2,kBmax_mccB,kBmax_mccV,mu_max_x,mu_max_c,nB_mccB,nB_mccV,n_omega_mccB,n_omega_mccV,omega_max_mccB,omega_max_mccV,N_x,N_c
0,10,0.033033775186079015,0.19525151618634287,0.01705899585054238,0.02044942094134397,0.024034034929395376,0.08267389466116859,0.038085230970069994,0.013950078157705992,0.05395641589808539,0.0439711828996725,0.25838112962740667,0.288040657302816,0.01948658982682938,0.01603258782309258,0.017097035593428345,0.022359820721085888,0.1605141483569923,0.07996609009633299,0.03648426986803466,0.032013004005810974
