,model_idx,D_crit,D,KB_mccB,KB_mccV,K_omega_mccB,K_omega_mccV,kA_1,kA_2,kBmax_mccB,kBmax_mccV,mu_max_x,mu_max_c,nB_mccB,nB_mccV,n_omega_mccB,n_omega_mccV,omega_max_mccB,omega_max_mccV,N_x,N_c
0,3,0.024589414213287242,0.17481556568688336,0.015409125062626039,0.010271505180829532,0.006717686362101349,0.03312884155067719,0.02222309944548373,0.007905216086676381,0.02565131123397643,0.014301052388524249,0.06540672208674825,0.34051401783244684,0.015092986717187507,0.012906464552624702,0.009342658682252702,0.01512970729793578,0.17431744669989968,0.10699917589080449,0.04309673022239324,0.02772143608597888
