,model_idx,D_crit,D,KB_mccB,KB_mccV,K_omega_mccB,K_omega_mccV,kA_1,kBmax_mccB,kBmax_mccV,mu_max_x,mu_max_c,nB_mccB,nB_mccV,n_omega_mccB,n_omega_mccV,omega_max_mccB,omega_max_mccV,N_x,N_c
0,39,0.034667888379011,0.10366165319533086,0.02324443216447153,0.017619083992926,0.018925016343735557,0.017944988970402864,0.019039370276093592,0.04102337295912167,0.029963490287897354,0.41876745706394003,0.22041761489176137,0.028857322993092183,0.01481148235816454,0.014959403981038566,0.023497905525301566,0.20243741714375058,0.08381173508557677,0.02581161454027034,0.015663579533197247
