,model_idx,D_crit,D,KB_1,KB_2,K_omega_1,K_omega_2,kA_1,kA_2,kBmax_1,kBmax_2,mu_max_1,mu_max_2,nB_1,nB_2,n_omega_1,n_omega_2,omega_max_1,omega_max_2,N_1,N_2
0,47,0.3130041543145237,0.15809012913654374,0.1979323942661243,0.13847984794926904,0.11931364015844537,0.16276178126720786,0.35850933442279337,0.2654493134625291,0.3021475389452368,0.133381885358012,0.20629873705526053,0.22283603033909444,0.21233813524699363,0.15540792582197982,0.20194681777004098,0.35250546210277633,0.25390340515480403,0.1303088974545713,0.23663783150079043,0.23711743076895747
