,model_idx,D_crit,D,KB_mccV,K_omega_mccV,kA_1,kBmax_mccV,mu_max_x,mu_max_c,nB_mccV,n_omega_mccV,omega_max_mccV,N_x,N_c
0,65,0.029518777530828117,0.3980895105645531,0.019286778989929476,0.03722751754509501,0.010169092570859739,0.02203677740798285,0.036910892897195846,0.3030335303122668,0.11637165149627826,0.11890030813181729,0.021913542461616586,0.03573272183558518,0.01737068867913527
