,model_idx,D_crit,D,KB_mccB,KB_mccV,K_omega_mccB,K_omega_mccV,kA_1,kA_2,kBmax_mccB,kBmax_mccV,mu_max_x,mu_max_c,nB_mccB,nB_mccV,n_omega_mccB,n_omega_mccV,omega_max_mccB,omega_max_mccV,N_x,N_c
0,19,0.04249406424655014,0.4856485236036008,0.015356353526743027,0.031452179162639815,0.018612207249106782,0.04634267044262086,0.02222354651238101,0.04494871110581394,0.04660833456405952,0.029172615176537908,0.23689760271813434,0.4831012226940726,0.09570955898546707,0.021626925006887787,0.101443965684763,0.020898162374671014,0.048389389672091374,0.09458074556960161,0.05422069986431785,0.03708726410001961
