,model_idx,D_crit,D,KB_mccB,KB_mccV,K_omega_mccB,K_omega_mccV,kA_1,kA_2,kBmax_mccB,kBmax_mccV,mu_max_x,mu_max_c,nB_mccB,nB_mccV,n_omega_mccB,n_omega_mccV,omega_max_mccB,omega_max_mccV,N_x,N_c
0,49,0.03370707435311015,0.1619706414085529,0.016273358366977242,0.026131801148897127,0.008932823693010905,0.08069370138451248,0.01696822892467781,0.02083334663551617,0.03573037248736842,0.028652937253213467,0.2855661526064723,0.3025620855438901,0.014182574481049925,0.013426868607281317,0.020402143077426937,0.009264704286091052,0.1722755763906758,0.09439509157258125,0.0524289750345342,0.02244773501427519
