,model_idx,D_crit,D,KB_mccB,KB_mccV,K_omega_mccB,K_omega_mccV,kA_1,kA_2,kBmax_mccB,kBmax_mccV,mu_max_x,mu_max_c,nB_mccB,nB_mccV,n_omega_mccB,n_omega_mccV,omega_max_mccB,omega_max_mccV,N_x,N_c
0,14,0.023726179367498886,0.2875147267900551,0.011252520424528623,0.011970550034389849,0.02438945122272107,0.03428111240586451,0.00931747641982919,0.011355533673876372,0.03355637452909649,0.02940083291557266,0.19157217454996261,0.06797005944259638,0.05925390716726553,0.013178742598775245,0.05679549581842169,0.011478365410386937,0.08487314606016749,0.036613751408046846,0.03724962772181806,0.014185472736469917
