,model_idx,D_crit,D,KB_mccB,KB_mccV,K_omega_mccB,K_omega_mccV,kA_1,kA_2,kBmax_mccB,kBmax_mccV,mu_max_x,mu_max_c,nB_mccB,nB_mccV,n_omega_mccB,n_omega_mccV,omega_max_mccB,omega_max_mccV,N_x,N_c
0,11,0.0251737403624386,0.22479132210001035,0.014404078218635208,0.01554778531567963,0.01694242799466783,0.0357476694065868,0.02257765195348932,0.016240549458482967,0.025080334421317962,0.031216885139027206,0.05455939099414697,0.33240161051857897,0.011532570144257293,0.022819578510761163,0.015778648158441988,0.009849814290283532,0.16782841815523242,0.09465009518921419,0.04962288451022201,0.011053247884227124
