,model_idx,D_crit,D,KB_mccB,KB_mccV,K_omega_mccB,K_omega_mccV,kA_1,kBmax_mccB,kBmax_mccV,mu_max_x,mu_max_c,nB_mccB,nB_mccV,n_omega_mccB,n_omega_mccV,omega_max_mccB,omega_max_mccV,N_x,N_c
0,119,0.019885653296466216,0.09006915520960274,0.007782313162560173,0.009659217778982043,0.011655094992191695,0.02963714869014389,0.006551247567234131,0.012627659620569498,0.009086336072810619,0.025529301185814368,0.34289402024854865,0.006893283091715996,0.005957040315317019,0.004796280596741198,0.010320936919035684,0.015834018145644557,0.16757502657710394,0.0187023325585432,0.006093945757390973
