,model_idx,D_crit,D,KB_mccB,KB_mccV,K_omega_mccB,K_omega_mccV,kA_1,kA_2,kBmax_mccB,kBmax_mccV,mu_max_x,mu_max_c,nB_mccB,nB_mccV,n_omega_mccB,n_omega_mccV,omega_max_mccB,omega_max_mccV,N_x,N_c
0,22,0.04039956407351764,0.33940509625441134,0.026556132720516296,0.0338062221623866,0.0206079367038271,0.03281659617276056,0.02112884989597319,0.02280378136542527,0.03388195169017094,0.02262816988844385,0.3893632112810195,0.5851164053218847,0.028642746108499595,0.014148488463556985,0.049177446437720373,0.02352430263389166,0.052692169130525324,0.18704414252359458,0.018108394820723572,0.02022695173380107
