,model_idx,D_crit,D,KB_mccB,KB_mccV,K_omega_mccB,K_omega_mccV,kA_1,kBmax_mccB,kBmax_mccV,mu_max_x,mu_max_c,nB_mccB,nB_mccV,n_omega_mccB,n_omega_mccV,omega_max_mccB,omega_max_mccV,N_x,N_c
0,57,0.041778286926792536,0.3300336442389598,0.021359024567080442,0.030903947840714874,0.025686880889750796,0.037973769458388484,0.021645643481785826,0.049505604694478525,0.027273664811233334,0.3920086226755741,0.5808466240577739,0.04687491629120483,0.024109249129875,0.026972201536848817,0.03830123826514309,0.07722471190781055,0.19230957253601483,0.04246602985479764,0.02741273302296343
