,model_idx,D_crit,D,KB_mccB,KB_mccV,K_omega_mccB,K_omega_mccV,kA_1,kA_2,kBmax_mccB,kBmax_mccV,mu_max_x,mu_max_c,nB_mccB,nB_mccV,n_omega_mccB,n_omega_mccV,omega_max_mccB,omega_max_mccV,N_x,N_c
0,53,0.03342724012341826,0.19987384331125677,0.01722519016859536,0.0211670647184361,0.022428700061394302,0.07574152138093693,0.0244720975105156,0.013243987919105693,0.05786716745991216,0.017440961986338377,0.26812663820491267,0.2895357274352874,0.012247446600325756,0.026926741531683507,0.01831486523040815,0.01489705195935287,0.1718173802350893,0.07946529662515286,0.05573991199152217,0.02180613128079023
