,model_idx,D_crit,D,KB_mccB,KB_mccV,K_omega_mccB,K_omega_mccV,kA_1,kA_2,kBmax_mccB,kBmax_mccV,mu_max_x,mu_max_c,nB_mccB,nB_mccV,n_omega_mccB,n_omega_mccV,omega_max_mccB,omega_max_mccV,N_x,N_c
0,91,0.024407148934917196,0.16970996012780457,0.011335590393346084,0.01256964620090889,0.008284194846636506,0.03305942323438382,0.008276942707371282,0.013732703896213505,0.02740580116832958,0.014770554566122363,0.05787270051718024,0.32804508883473227,0.01055507476558204,0.01665574651236673,0.005901122015223137,0.021167007627594825,0.1681356498410192,0.09954991700439886,0.04625132947607824,0.008595242080051357
