,model_idx,D_crit,D,KB_mccB,KB_mccV,K_omega_mccB,K_omega_mccV,kA_1,kA_2,kBmax_mccB,kBmax_mccV,mu_max_x,mu_max_c,nB_mccB,nB_mccV,n_omega_mccB,n_omega_mccV,omega_max_mccB,omega_max_mccV,N_x,N_c
0,125,0.18712291195726327,0.6967767394948365,0.12000195522533974,0.06257436413449091,0.19287105765768775,0.34832220206061676,0.11884193433781054,0.15675065392749932,0.11862495201352452,0.11266866799081521,0.3565377251191615,0.9404145077720207,0.14503718504777197,0.07944533595301739,0.14366137404652957,0.16828648343184965,0.13444439410666464,0.1704491534112721,0.10317747961916024,0.08576643641106468
