,model_idx,D_crit,D,KB_mccB,KB_mccV,K_omega_mccB,K_omega_mccV,kA_1,kBmax_mccB,kBmax_mccV,mu_max_x,mu_max_c,nB_mccB,nB_mccV,n_omega_mccB,n_omega_mccV,omega_max_mccB,omega_max_mccV,N_x,N_c
0,106,0.0338698580195503,0.1070090209981373,0.018728371960949286,0.012605133725648976,0.022220397443803275,0.013916148723914779,0.016399483787844504,0.03899224198398388,0.01922600669493542,0.4293183852194361,0.21676668806955157,0.019625068076007723,0.019977827176295482,0.023253068982981517,0.015940734493327308,0.22196649424276527,0.08632881894925257,0.018039771222231882,0.019869717884547278
