,model_idx,D_crit,D,KB_mccB,KB_mccV,K_omega_mccB,K_omega_mccV,kA_1,kA_2,kBmax_mccB,kBmax_mccV,mu_max_x,mu_max_c,nB_mccB,nB_mccV,n_omega_mccB,n_omega_mccV,omega_max_mccB,omega_max_mccV,N_x,N_c
0,38,0.9617265472374391,0.49993622855685227,0.49993622855685227,0.9664562209042791,0.9917734838339392,0.49993622855685227,0.9204770103947453,0.49993622855685227,0.9697723359479625,0.8766022575090875,0.49993622855685227,0.9933039984694854,0.9056820355844653,0.49993622855685227,0.8322811045213954,0.9547222753650915,0.49993622855685227,0.9702825074931446,0.9353357566481729,0.7384733116510427
