,model_idx,D_crit,D,KB_mccB,KB_mccV,K_omega_mccB,K_omega_mccV,kA_1,kA_2,kBmax_mccB,kBmax_mccV,mu_max_x,mu_max_c,nB_mccB,nB_mccV,n_omega_mccB,n_omega_mccV,omega_max_mccB,omega_max_mccV,N_x,N_c
0,94,0.02361754815529198,0.24981381302804706,0.019487735267957274,0.01112672200315068,0.008307119549295125,0.04613603070233441,0.010001203631406552,0.025053426519494493,0.015629941514698875,0.010111787362383634,0.2064874220059608,0.053398098085125856,0.03438619221921746,0.0093699274564919,0.03492991211687657,0.010775977362989186,0.0851978503696228,0.04631444380761135,0.023815979747942806,0.018783602490956175
