,model_idx,D_crit,D,KB_mccB,KB_mccV,K_omega_mccB,K_omega_mccV,kA_1,kA_2,kBmax_mccB,kBmax_mccV,mu_max_x,mu_max_c,nB_mccB,nB_mccV,n_omega_mccB,n_omega_mccV,omega_max_mccB,omega_max_mccV,N_x,N_c
0,75,0.020107646786273442,0.12769365652648965,0.005346719503909969,0.015619711317505003,0.012395250013511577,0.04343111659086979,0.020462051071626547,0.007244418896873633,0.008143144384939571,0.015223051550826538,0.0405256382188382,0.31733444166142216,0.00807515509285106,0.00522207573681599,0.00781100286774794,0.004861283410353884,0.007794843889760927,0.144004713244424,0.01809919274923122,0.00818350260908668
