,model_idx,D_crit,D,KB_mccB,KB_mccV,K_omega_mccB,K_omega_mccV,kA_1,kBmax_mccB,kBmax_mccV,mu_max_x,mu_max_c,nB_mccB,nB_mccV,n_omega_mccB,n_omega_mccV,omega_max_mccB,omega_max_mccV,N_x,N_c
0,58,0.04031361843523211,0.4404057379119102,0.015534973796555995,0.02757371008787013,0.02798624641401465,0.020274478639797366,0.026592875370858304,0.05183890398832619,0.04052087505063706,0.22192578705161953,0.4997799526835399,0.15128279202741335,0.017675353086876178,0.11400200892721479,0.0221575597465139,0.04509665421198855,0.11786394411552614,0.053535678367106376,0.033046496417105775
