,model_idx,D_crit,D,KB_mccV,K_omega_mccV,kA_1,kBmax_mccV,mu_max_x,mu_max_c,nB_mccV,n_omega_mccV,omega_max_mccV,N_x,N_c
0,64,0.02890340902078274,0.36741815548744367,0.009447598302640747,0.012284561735085908,0.02109350560825063,0.0100390796746756,0.1675842283969536,0.4514587259989445,0.044569065091348725,0.023711845295723122,0.0835349010619949,0.020754141594075293,0.013337631597864497
