,model_idx,D_crit,D,KB_mccB,KB_mccV,K_omega_mccB,K_omega_mccV,kA_1,kA_2,kBmax_mccB,kBmax_mccV,mu_max_x,mu_max_c,nB_mccB,nB_mccV,n_omega_mccB,n_omega_mccV,omega_max_mccB,omega_max_mccV,N_x,N_c
0,100,0.023588825427421203,0.1229666399235269,0.013081406435899223,0.00829515024116978,0.007900577089204552,0.015437395917284769,0.013127659101777767,0.016279846523039265,0.016302320769213674,0.015944795244376697,0.1926189389198668,0.45824381357324667,0.012094602018178191,0.012862123305209527,0.014114448354690334,0.01111011781615534,0.014674863852245035,0.1240277215732063,0.015521939724587375,0.00995352820263884
