,model_idx,D_crit,D,KB_mccB,KB_mccV,K_omega_mccB,K_omega_mccV,kA_1,kA_2,kBmax_mccB,kBmax_mccV,mu_max_x,mu_max_c,nB_mccB,nB_mccV,n_omega_mccB,n_omega_mccV,omega_max_mccB,omega_max_mccV,N_x,N_c
0,4,0.02293331210487891,0.23058176468184918,0.010375570777698129,0.005646092344576414,0.008372936597290992,0.009583294898897421,0.0089546128272876,0.011710182872099073,0.013420757459544852,0.00853695160377943,0.25835101317385045,0.2381700069876963,0.02248382910596658,0.01054737797119254,0.016506379273961924,0.007356035133075811,0.04240731404156317,0.04068364015596165,0.007811014614352074,0.010350888498858346
