,model_idx,D_crit,D,KB_mccB,KB_mccV,K_omega_mccB,K_omega_mccV,kA_1,kA_2,kBmax_mccB,kBmax_mccV,mu_max_x,mu_max_c,nB_mccB,nB_mccV,n_omega_mccB,n_omega_mccV,omega_max_mccB,omega_max_mccV,N_x,N_c
0,15,0.020440037437148992,0.2700021360291095,0.012342230287074929,0.012988957514504962,0.013830261706947566,0.01574224532604196,0.012725899538873875,0.014373027943144434,0.01644962421174534,0.010156632494332518,0.019960489658850944,0.07944401475967194,0.05207377646228134,0.0052384048118084,0.03229810290041357,0.011558747617625209,0.1043492981884242,0.06072859870293035,0.027671740665408118,0.007853728692903128
