,model_idx,D_crit,D,KB_mccV,K_omega_mccV,kA_1,kBmax_mccV,mu_max_x,mu_max_c,nB_mccV,n_omega_mccV,omega_max_mccV,N_x,N_c
0,122,0.023596172563247607,0.09902480106623435,0.008522552944034645,0.010860437322666394,0.019836322537888917,0.015399581873979662,0.175036112794404,0.4554778080402537,0.006451233203199291,0.012288829408339946,0.12825426080770053,0.01917381233190185,0.006561954004081216
