,model_idx,D_crit,D,KB_mccB,KB_mccV,K_omega_mccB,K_omega_mccV,kA_1,kBmax_mccB,kBmax_mccV,mu_max_x,mu_max_c,nB_mccB,nB_mccV,n_omega_mccB,n_omega_mccV,omega_max_mccB,omega_max_mccV,N_x,N_c
0,44,0.019174198919374243,0.23002818970172922,0.017586882415061067,0.01262116067957994,0.021999009318596885,0.006530998352304196,0.04084185560130582,0.015679476727586683,0.030278525948629065,0.049067761919995595,0.10226477336442974,0.02264912679002029,0.009668981696473122,0.006078329188294873,0.004813301273782433,0.019071046992009233,0.07786229528497568,0.009057012338799297,0.007812640819513716
