,model_idx,D_crit,D,KB_mccB,KB_mccV,K_omega_mccB,K_omega_mccV,kA_1,kBmax_mccB,kBmax_mccV,mu_max_x,mu_max_c,nB_mccB,nB_mccV,n_omega_mccB,n_omega_mccV,omega_max_mccB,omega_max_mccV,N_x,N_c
0,46,0.02023724536670917,0.25503049577494247,0.011049272205966187,0.006075086493337545,0.014513783345082132,0.00909548732242349,0.02002366585116233,0.017776732105329263,0.00863941788496525,0.02415467298397056,0.09737968907470612,0.03787762146777557,0.007018325109179546,0.037043877978438666,0.00786832459836262,0.10006361174061784,0.054681727955692316,0.02775809629922099,0.013790436424016561
