,model_idx,D_crit,D,KB_1,KB_2,K_omega_1,K_omega_2,kA_1,kBmax_1,kBmax_2,mu_max_1,mu_max_2,nB_1,nB_2,n_omega_1,n_omega_2,omega_max_1,omega_max_2,N_1,N_2
0,114,0.0461621274011145,0.06987669445986486,0.024641418519622538,0.021385539697601985,0.010444463283170669,0.029363345247308326,0.040683991610082126,0.018526732608285412,0.029106014324116636,0.2562023315658355,0.2525830172529308,0.032269461847477365,0.035074122791425244,0.021954347689354253,0.025820054310224577,0.010274094351025553,0.01562772610801333,0.018891535426072692,0.013356049190952679
