,model_idx,D_crit,D,KB_1,KB_2,K_omega_1,K_omega_2,kA_1,kBmax_1,kBmax_2,mu_max_1,mu_max_2,nB_1,nB_2,n_omega_1,n_omega_2,omega_max_1,omega_max_2,N_1,N_2
0,82,0.20204595731723424,0.41470295386657813,0.11334218386989714,0.12545635579156983,0.1402256886823764,0.12429472286757381,0.10023232658479922,0.12329903750414867,0.12645204115499498,0.7907401261201461,0.5340192499170262,0.10852970461334221,0.16644540325257223,0.10338533023564545,0.179721208098241,0.4470627281778957,0.10753401924991701,0.15068038499834047,0.07782940590773313
