,model_idx,D_crit,D,KB_mccB,KB_mccV,K_omega_mccB,K_omega_mccV,kA_1,kBmax_mccB,kBmax_mccV,mu_max_x,mu_max_c,nB_mccB,nB_mccV,n_omega_mccB,n_omega_mccV,omega_max_mccB,omega_max_mccV,N_x,N_c
0,124,0.2301335204644353,0.6886906624002288,0.12533674171664536,0.12100714151643266,0.11578194688999921,0.26103449200489803,0.12913184544292594,0.1966124721802629,0.13611426426292228,0.15568684584513903,0.9445661014828255,0.10932687408943433,0.07633288940928307,0.10350819173943737,0.18634441951716552,0.17112288949866378,0.2038004665671561,0.1179824992626094,0.1832393346502087
