,model_idx,D_crit,D,KB_mccB,KB_mccV,K_omega_mccB,K_omega_mccV,kA_1,kBmax_mccB,kBmax_mccV,mu_max_x,mu_max_c,nB_mccB,nB_mccV,n_omega_mccB,n_omega_mccV,omega_max_mccB,omega_max_mccV,N_x,N_c
0,42,0.024318755635296344,0.1732255553594319,0.007837389716627008,0.020954925966543914,0.010269483516451738,0.029466530859089124,0.01156293494836319,0.016059631872726687,0.008530413470414167,0.051236736335568134,0.33022581867952205,0.01459907346051792,0.020142540083973093,0.010453952260935748,0.011816850749594154,0.16709251216046905,0.10731451125187003,0.03955733288578567,0.01677652805227048
