,model_idx,D_crit,D,KB_mccV,K_omega_mccV,kA_1,kBmax_mccV,mu_max_x,mu_max_c,nB_mccV,n_omega_mccV,omega_max_mccV,N_x,N_c
0,126,0.18370225467863419,0.6172456582843224,0.17208488927109966,0.33938162656339277,0.07069334703135732,0.15033273500672395,0.2165507529103491,0.9367659196241509,0.17390410998435885,0.06314750578606843,0.07922382994441912,0.08581735070211992,0.14073334449183594
