,model_idx,D_crit,D,KB_mccB,KB_mccV,K_omega_mccB,K_omega_mccV,kA_1,kA_2,kBmax_mccB,kBmax_mccV,mu_max_x,mu_max_c,nB_mccB,nB_mccV,n_omega_mccB,n_omega_mccV,omega_max_mccB,omega_max_mccV,N_x,N_c
0,29,0.01973233770827589,0.09872382620264196,0.008794297968660048,0.007998121208225295,0.01000793606208833,0.03770354687712307,0.007437487656192454,0.009275741644478308,0.008390393011822261,0.009377156472328119,0.037299716972886865,0.31850731108031194,0.0076274457907254956,0.006027587009700602,0.004122564350757307,0.00756672823606841,0.00982845714704722,0.15432326251257272,0.019848504822711277,0.007972321876441146
