,model_idx,D_crit,D,KB_mccB,KB_mccV,K_omega_mccB,K_omega_mccV,kA_1,kA_2,kBmax_mccB,kBmax_mccV,mu_max_x,mu_max_c,nB_mccB,nB_mccV,n_omega_mccB,n_omega_mccV,omega_max_mccB,omega_max_mccV,N_x,N_c
0,101,0.019996457610815484,0.10013925566648083,0.005421477498506411,0.00518963484709789,0.007548988439383342,0.029354862118977976,0.008496110935135331,0.0055336372510190746,0.018288226648678907,0.01341841750470596,0.028741333555638904,0.3493148780967079,0.01256428380929342,0.009849773804549544,0.009329050077867551,0.007514306444088015,0.016408447011996508,0.1561756971291644,0.019222636285742223,0.009963937792971223
