,model_idx,D_crit,D,KB_mccB,KB_mccV,K_omega_mccB,K_omega_mccV,kA_1,kA_2,kBmax_mccB,kBmax_mccV,mu_max_x,mu_max_c,nB_mccB,nB_mccV,n_omega_mccB,n_omega_mccV,omega_max_mccB,omega_max_mccV,N_x,N_c
0,2,0.032415684213581666,0.15819649597135924,0.017952733750046468,0.014541876470174853,0.022698117039352095,0.10415245583791183,0.019633939386422883,0.013257282145411442,0.0579123569098734,0.024065327954922222,0.2753713677121703,0.29434669978048145,0.015551878826588594,0.016093375996825032,0.02112652856841657,0.01436043002484566,0.17368856012782508,0.10301093872083938,0.051421560876089845,0.021655300587449855
