,model_idx,D_crit,D,KB_1,KB_2,K_omega_1,K_omega_2,kA_1,kBmax_1,kBmax_2,mu_max_1,mu_max_2,nB_1,nB_2,n_omega_1,n_omega_2,omega_max_1,omega_max_2,N_1,N_2
0,41,0.044887576436690856,0.025059964046609217,0.02108981838029475,0.01837478655803859,0.023568499221343686,0.016198805225760338,0.023965588899515833,0.01572159657090777,0.009655338177193107,0.24884228078696866,0.25707150117925115,0.012487043259239994,0.018225064220367237,0.02111886150934139,0.019999449182035223,0.013216877062437682,0.024440794579951186,0.024615804469637403,0.014038096573411596
