,model_idx,D_crit,D,KB_mccB,KB_mccV,K_omega_mccB,K_omega_mccV,kA_1,kA_2,kBmax_mccB,kBmax_mccV,mu_max_x,mu_max_c,nB_mccB,nB_mccV,n_omega_mccB,n_omega_mccV,omega_max_mccB,omega_max_mccV,N_x,N_c
0,5,0.018714455570907205,0.19849081391587897,0.01055852143086461,0.010441634892286888,0.009645138449937973,0.01914451655566124,0.006122206323371432,0.010818545602981566,0.007003157247896935,0.007486335717361348,0.05062839108294365,0.10301342260144908,0.016915556312516733,0.006634874295796234,0.0071373472800772,0.007328789167245442,0.020405696559571362,0.09676308726629984,0.01751791619239973,0.004181864195561463
