,model_idx,D_crit,D,KB_mccB,KB_mccV,K_omega_mccB,K_omega_mccV,kA_1,kA_2,kBmax_mccB,kBmax_mccV,mu_max_x,mu_max_c,nB_mccB,nB_mccV,n_omega_mccB,n_omega_mccV,omega_max_mccB,omega_max_mccV,N_x,N_c
0,112,0.032324282151363036,0.16280898949901967,0.012618375144047733,0.01501809779397878,0.015286481529433127,0.09437802922865124,0.012355830693290618,0.015234119419115594,0.039191268642036065,0.024268322470827886,0.2721371510768136,0.2807150602969962,0.017567567783166593,0.018875184651424237,0.01188868791751474,0.012100306147634077,0.18968393036828496,0.08080577661608984,0.040073223991929696,0.036246067457139874
