,model_idx,D_crit,D,KB_mccB,KB_mccV,K_omega_mccB,K_omega_mccV,kA_1,kA_2,kBmax_mccB,kBmax_mccV,mu_max_x,mu_max_c,nB_mccB,nB_mccV,n_omega_mccB,n_omega_mccV,omega_max_mccB,omega_max_mccV,N_x,N_c
0,33,0.020286532978896543,0.12919907704750352,0.008101085621959103,0.007931645889256711,0.004846049547398312,0.04324244703178548,0.015671162491971757,0.00723375912842833,0.008717363181075466,0.014892398450523037,0.03996453842311265,0.30392693963663775,0.006500374194658098,0.010513680520103097,0.008853500504110656,0.007752691182363658,0.012966348098011504,0.14231949453529413,0.016096042685638023,0.0063592964042546996
