,model_idx,D_crit,D,KB_mccB,KB_mccV,K_omega_mccB,K_omega_mccV,kA_1,kA_2,kBmax_mccB,kBmax_mccV,mu_max_x,mu_max_c,nB_mccB,nB_mccV,n_omega_mccB,n_omega_mccV,omega_max_mccB,omega_max_mccV,N_x,N_c
0,13,0.019336486591091797,0.23335373631581013,0.014476266785458547,0.013419167680203903,0.019050436839622098,0.012994856171622438,0.014200866768371123,0.02108103763367103,0.012774421168383704,0.033286605405590586,0.053859389145513664,0.10141597005027692,0.02024368359424278,0.01199398696547238,0.01861635121769928,0.005116690839390481,0.014880225140376457,0.07955967274428699,0.01321805092451045,0.0056724354250203834
