,model_idx,D_crit,D,KB_mccB,KB_mccV,K_omega_mccB,K_omega_mccV,kA_1,kA_2,kBmax_mccB,kBmax_mccV,mu_max_x,mu_max_c,nB_mccB,nB_mccV,n_omega_mccB,n_omega_mccV,omega_max_mccB,omega_max_mccV,N_x,N_c
0,120,0.023868283656607345,0.1264154293257409,0.016570204845476444,0.008506703271699556,0.009622979637701978,0.017404683333532955,0.0094213613020534,0.012960269867311691,0.008789374361308,0.011754567271228478,0.1932380921373028,0.469700459708517,0.009540476728659708,0.016209849104034946,0.005693090550552449,0.013070575211965862,0.013311971457455107,0.12715755008742097,0.011468060287531112,0.007515935489118275
