,model_idx,D_crit,D,KB_mccB,KB_mccV,K_omega_mccB,K_omega_mccV,kA_1,kA_2,kBmax_mccB,kBmax_mccV,mu_max_x,mu_max_c,nB_mccB,nB_mccV,n_omega_mccB,n_omega_mccV,omega_max_mccB,omega_max_mccV,N_x,N_c
0,103,0.020246931245565702,0.10385500810096207,0.013820796444989236,0.008075797743798158,0.006353269725180244,0.033880293649600546,0.009740646981220513,0.009664436174445179,0.01302052231255374,0.008604572140873706,0.023826270419135293,0.3392276969928285,0.005892810056332409,0.00826688082260596,0.009147874918068066,0.007078596827816669,0.008173047909673964,0.1620029538613123,0.02004254237269798,0.016702258501900435
