,model_idx,D_crit,D,KB_mccB,KB_mccV,K_omega_mccB,K_omega_mccV,kA_1,kA_2,kBmax_mccB,kBmax_mccV,mu_max_x,mu_max_c,nB_mccB,nB_mccV,n_omega_mccB,n_omega_mccV,omega_max_mccB,omega_max_mccV,N_x,N_c
0,23,0.04055097110675292,0.4540924535678986,0.03201081174748077,0.01776426924813057,0.023714764596689974,0.014783639111210112,0.03098547874287827,0.02864948995679506,0.05411465230702278,0.03152074636257879,0.22577810813440605,0.4935134531779575,0.1021288319084091,0.022385087296750594,0.13222014251297876,0.020977651701574118,0.04185120762081462,0.11501538809489148,0.02220208356696529,0.04103500680541855
