,model_idx,D_crit,D,KB_1,KB_2,K_omega_1,K_omega_2,kA_1,kA_2,kBmax_1,kBmax_2,mu_max_1,mu_max_2,nB_1,nB_2,n_omega_1,n_omega_2,omega_max_1,omega_max_2,N_1,N_2
0,37,0.1884494927347118,0.4743334734675694,0.08827201937617268,0.10589755978189264,0.12272621744232012,0.18173946326496043,0.09687458822495937,0.0928337024929253,0.10656267451418389,0.07629995419492885,0.8011306950448953,0.4538027621085392,0.08650256320158622,0.07931806915938289,0.09848090305011575,0.12585727641791794,0.4692760916352411,0.16502374961567662,0.09064384361019251,0.05920148584121321
