,model_idx,D_crit,D,KB_mccB,KB_mccV,K_omega_mccB,K_omega_mccV,kA_1,kBmax_mccB,kBmax_mccV,mu_max_x,mu_max_c,nB_mccB,nB_mccV,n_omega_mccB,n_omega_mccV,omega_max_mccB,omega_max_mccV,N_x,N_c
0,69,0.020069812090083787,0.13551924498532897,0.011746695258000595,0.014288399308349908,0.01600319463895372,0.05302668320718862,0.015230847144204585,0.006883302509371289,0.01722632270988711,0.044010298944747006,0.2943242582991776,0.00765410452661075,0.007947764816470915,0.007435174921399501,0.008602323449368843,0.008195813956786813,0.15205935611787785,0.02202822892923595,0.008373524307402347
