,model_idx,D_crit,D,KB_mccB,KB_mccV,K_omega_mccB,K_omega_mccV,kA_1,kA_2,kBmax_mccB,kBmax_mccV,mu_max_x,mu_max_c,nB_mccB,nB_mccV,n_omega_mccB,n_omega_mccV,omega_max_mccB,omega_max_mccV,N_x,N_c
0,88,0.03467755405577931,0.10679700290273747,0.023669617416754996,0.015377276726163958,0.01999305167484869,0.022066108715106725,0.026951692035705466,0.017657425664286408,0.023173849690967585,0.014146165844113101,0.4349008250742264,0.2230138551644053,0.013435541680911045,0.014827457302346858,0.016747586672329118,0.016406096971522066,0.2100614028790012,0.08397417041521382,0.0629641891183767,0.03212505094775764
