,model_idx,D_crit,D,KB_mccB,KB_mccV,K_omega_mccB,K_omega_mccV,kA_1,kA_2,kBmax_mccB,kBmax_mccV,mu_max_x,mu_max_c,nB_mccB,nB_mccV,n_omega_mccB,n_omega_mccV,omega_max_mccB,omega_max_mccV,N_x,N_c
0,98,0.04238975173829083,0.3410703967278642,0.032033074800810635,0.03726658535933147,0.031928902199832354,0.02013763339847996,0.021561635649352318,0.026153252312782926,0.04538972295436283,0.04645958486753457,0.3818486218639222,0.5740361418468081,0.062449497797377296,0.03126921990301257,0.023478597529853706,0.0391427385535123,0.0774207050020288,0.19491995800542028,0.05445704100982318,0.043575887298267335
