,model_idx,D_crit,D,KB_mccB,KB_mccV,K_omega_mccB,K_omega_mccV,kA_1,kA_2,kBmax_mccB,kBmax_mccV,mu_max_x,mu_max_c,nB_mccB,nB_mccV,n_omega_mccB,n_omega_mccV,omega_max_mccB,omega_max_mccV,N_x,N_c
0,50,0.02450885638478323,0.16533790358934047,0.013271692365425691,0.00978221979372182,0.009998938172277927,0.03086533683186876,0.014045177801733033,0.00800937969805171,0.016306211329437992,0.01305157745719962,0.06215105191842918,0.3274932588778855,0.007983180253170075,0.013153209539170041,0.009117769555024968,0.009340604984588663,0.17729393534788213,0.1058901430400655,0.04612866516054215,0.015544564282951367
