,model_idx,D_crit,D,KB_mccB,KB_mccV,K_omega_mccB,K_omega_mccV,kA_1,kA_2,kBmax_mccB,kBmax_mccV,mu_max_x,mu_max_c,nB_mccB,nB_mccV,n_omega_mccB,n_omega_mccV,omega_max_mccB,omega_max_mccV,N_x,N_c
0,8,0.0363717724806866,0.15785505573120628,0.01888238167651024,0.04503259011683891,0.020312943027647634,0.018488672201001477,0.03969974929650555,0.015474788550426943,0.01804075453125331,0.0331546427291306,0.430826415414821,0.2298032472421947,0.022809487411996343,0.02315784924621772,0.01663949151794311,0.015142392429543544,0.22274205526042667,0.08859512254980634,0.03394352450728638,0.02284146063373349
