,model_idx,D_crit,D,KB_mccB,KB_mccV,K_omega_mccB,K_omega_mccV,kA_1,kBmax_mccB,kBmax_mccV,mu_max_x,mu_max_c,nB_mccB,nB_mccV,n_omega_mccB,n_omega_mccV,omega_max_mccB,omega_max_mccV,N_x,N_c
0,118,0.023613101814871668,0.12082654661333843,0.011631610278714455,0.017348970354091664,0.0074207997250688995,0.006499291242704153,0.01786586589595973,0.00846706665340169,0.008936280125798501,0.18278279282218407,0.4657626994246643,0.007841920337989472,0.01007219056189268,0.006677391531545784,0.00940471766151918,0.007783938089503617,0.12104242436819701,0.009286151494515671,0.007008473061144577
