,model_idx,D_crit,D,KB_mccB,KB_mccV,K_omega_mccB,K_omega_mccV,kA_1,kA_2,kBmax_mccB,kBmax_mccV,mu_max_x,mu_max_c,nB_mccB,nB_mccV,n_omega_mccB,n_omega_mccV,omega_max_mccB,omega_max_mccV,N_x,N_c
0,85,0.9617269328910304,0.49993582750433163,0.8397612783161137,0.934672399409613,0.49993582750433163,0.49993582750433163,0.49993582750433163,0.49993582750433163,0.49993582750433163,0.9005326317140474,0.49993582750433163,0.9876147083360072,0.8733234935506642,0.809215170377976,0.7463261246229866,0.49993582750433163,0.8535583648848104,0.9975614451646024,0.6460886863890136,0.49993582750433163
