,model_idx,D_crit,D,KB_mccB,KB_mccV,K_omega_mccB,K_omega_mccV,kA_1,kA_2,kBmax_mccB,kBmax_mccV,mu_max_x,mu_max_c,nB_mccB,nB_mccV,n_omega_mccB,n_omega_mccV,omega_max_mccB,omega_max_mccV,N_x,N_c
0,105,0.18891456792255365,0.6555058636453985,0.10355297157622739,0.10553567879149284,0.09436493738819313,0.20711091234347048,0.16520572450805004,0.10407970582389192,0.11444543828264764,0.18768634466308887,0.3335122242098986,0.9291989664082687,0.1429089644205923,0.2586513615583383,0.10097893063009342,0.16315344861856496,0.11245279268535083,0.15665374677002586,0.11698966408268735,0.11422679387795667
