,model_idx,D_crit,D,KB_mccB,KB_mccV,K_omega_mccB,K_omega_mccV,kA_1,kA_2,kBmax_mccB,kBmax_mccV,mu_max_x,mu_max_c,nB_mccB,nB_mccV,n_omega_mccB,n_omega_mccV,omega_max_mccB,omega_max_mccV,N_x,N_c
0,51,0.035478501598598514,0.159703683797346,0.025107421516613715,0.029046770325428573,0.020960773306765268,0.022208919194592502,0.04374192117768422,0.014166844173413073,0.015123031107143081,0.05146361027557267,0.42548776815088196,0.22663735167830767,0.014713092463959979,0.020436117085715244,0.015874870073799452,0.013433995354209916,0.1994498294090588,0.07621014132125986,0.028604055231426395,0.013963933088662034
