,model_idx,D_crit,D,KB_mccB,KB_mccV,K_omega_mccB,K_omega_mccV,kA_1,kA_2,kBmax_mccB,kBmax_mccV,mu_max_x,mu_max_c,nB_mccB,nB_mccV,n_omega_mccB,n_omega_mccV,omega_max_mccB,omega_max_mccV,N_x,N_c
0,99,0.04280402007408067,0.47601063749900513,0.046663346784336035,0.030411158872689054,0.04364778043081918,0.04608370762818842,0.019590124221229965,0.037156566904242044,0.061951085621625934,0.034695569116012154,0.2380123846353701,0.48265174241197767,0.11257730049574727,0.025202980136405317,0.11654891964083303,0.03522063243403628,0.03269494779108584,0.09485126931100685,0.040851522618580605,0.05426080013263762
