,model_idx,D_crit,D,KB_mccB,KB_mccV,K_omega_mccB,K_omega_mccV,kA_1,kA_2,kBmax_mccB,kBmax_mccV,mu_max_x,mu_max_c,nB_mccB,nB_mccV,n_omega_mccB,n_omega_mccV,omega_max_mccB,omega_max_mccV,N_x,N_c
0,18,0.042277312379550236,0.35078485925140085,0.024804660811810098,0.028769281888694764,0.02741995580860601,0.020127615381407116,0.03161782716505687,0.041639466615542464,0.015988618261981835,0.03839222408433279,0.3843731875433636,0.5735262603292026,0.04100141275126101,0.01575709618898191,0.03458233510201836,0.018543541242727946,0.06118709587329624,0.20770836583321794,0.021839403985336514,0.02462331433611864
