,model_idx,D_crit,D,KB_mccB,KB_mccV,K_omega_mccB,K_omega_mccV,kA_1,kA_2,kBmax_mccB,kBmax_mccV,mu_max_x,mu_max_c,nB_mccB,nB_mccV,n_omega_mccB,n_omega_mccV,omega_max_mccB,omega_max_mccV,N_x,N_c
0,35,0.5553246774424785,0.6258807152800085,0.3708319948602634,0.2302280758111147,0.2654352714423386,0.20447585394581858,0.43845165435271444,0.41256023128814645,0.5180854481207838,0.40841631866366845,0.2992504550808438,0.9678123996145198,0.2960702430667095,0.36023128814648253,0.5255380661741086,0.5107613234821715,0.38175393511082556,0.8192097654995182,0.32584859192633053,0.25267159224756397
