,model_idx,D_crit,D,KB_mccB,KB_mccV,K_omega_mccB,K_omega_mccV,kA_1,kA_2,kBmax_mccB,kBmax_mccV,mu_max_x,mu_max_c,nB_mccB,nB_mccV,n_omega_mccB,n_omega_mccV,omega_max_mccB,omega_max_mccV,N_x,N_c
0,84,0.6800868510125516,0.5314535700600332,0.47039851832928853,0.2619108442968451,0.30683995401711583,0.2774620002554605,0.48722697662536724,0.3828075105377443,0.8308213054029889,0.28879805850044704,0.37990164772001533,0.9884404138459574,0.3626580661642611,0.7330757440286115,0.5367863073189424,0.8506194916336697,0.5671541703921318,0.7412185464299399,0.4224358155575425,0.4675565206284327
