,model_idx,D_crit,D,KB_mccV,K_omega_mccV,kA_1,kBmax_mccV,mu_max_x,mu_max_c,nB_mccV,n_omega_mccV,omega_max_mccV,N_x,N_c
0,123,0.019866569949526135,0.09080893544425123,0.008787644851521781,0.04942512258531073,0.005749079107997157,0.02321666989067739,0.047201498685608134,0.30796456245219384,0.009226541062336224,0.014690967568587232,0.15322870803971061,0.027371717300979204,0.008514294870742845
