,model_idx,D_crit,D,KB_mccB,KB_mccV,K_omega_mccB,K_omega_mccV,kA_1,kA_2,kBmax_mccB,kBmax_mccV,mu_max_x,mu_max_c,nB_mccB,nB_mccV,n_omega_mccB,n_omega_mccV,omega_max_mccB,omega_max_mccV,N_x,N_c
0,90,0.03348389927969858,0.16574321226094182,0.018625332782286952,0.017739892015194547,0.010980331468686377,0.07686050456505855,0.029021702132949218,0.008930318556154004,0.04950171871462408,0.035394794566428744,0.2690684023419381,0.2954723312156035,0.010757207937582947,0.017605040203438338,0.02422681585890829,0.023995800947831547,0.17063132855502128,0.1036864476792429,0.056803340246554646,0.03472409710391941
