,model_idx,D_crit,D,KB_mccB,KB_mccV,K_omega_mccB,K_omega_mccV,kA_1,kA_2,kBmax_mccB,kBmax_mccV,mu_max_x,mu_max_c,nB_mccB,nB_mccV,n_omega_mccB,n_omega_mccV,omega_max_mccB,omega_max_mccV,N_x,N_c
0,110,0.03415145041128325,0.10346675989257503,0.01660981784138621,0.0269911489180531,0.030842121162613645,0.023233233343952997,0.028793895250320167,0.025678636440535196,0.015521207111110824,0.020535315205898796,0.4090969241796661,0.22121235144160778,0.02314184487569082,0.018890250246649143,0.033564155702014875,0.020396237913920423,0.20675063405283012,0.07315102905409848,0.033245057633666086,0.02547290359114973
