,model_idx,D_crit,D,KB_mccB,KB_mccV,K_omega_mccB,K_omega_mccV,kA_1,kBmax_mccB,kBmax_mccV,mu_max_x,mu_max_c,nB_mccB,nB_mccV,n_omega_mccB,n_omega_mccV,omega_max_mccB,omega_max_mccV,N_x,N_c
0,45,0.02364784306973987,0.2753952013001576,0.012873429174045992,0.010911330667599639,0.0139755263289425,0.023641261953195825,0.018923063516094185,0.022598596587617203,0.016952121535127096,0.19924352645909177,0.06200481567385263,0.04626604007944568,0.009280900377956147,0.048598517860974355,0.006236773184522204,0.09584586506511295,0.03495246025688703,0.024240540079938644,0.013406085448138483
