,model_idx,D_crit,D,KB_1,KB_2,K_omega_1,K_omega_2,kA_1,kA_2,kBmax_1,kBmax_2,mu_max_1,mu_max_2,nB_1,nB_2,n_omega_1,n_omega_2,omega_max_1,omega_max_2,N_1,N_2
0,6,0.04626396950429487,0.051839621621231874,0.018284461812440034,0.020133816881403366,0.015029164293387742,0.020912492699914242,0.03171301470111104,0.012840941044146625,0.008392394932839276,0.017084003258902497,0.2784450997498144,0.2771689366028104,0.0189982479794083,0.018208757218973748,0.03389402798906971,0.017740109735610687,0.015368032473665583,0.013363663237128454,0.020241966300640957,0.02437327411551793
