,model_idx,D_crit,D,KB_mccB,KB_mccV,K_omega_mccB,K_omega_mccV,kA_1,kA_2,kBmax_mccB,kBmax_mccV,mu_max_x,mu_max_c,nB_mccB,nB_mccV,n_omega_mccB,n_omega_mccV,omega_max_mccB,omega_max_mccV,N_x,N_c
0,113,0.024425563703374193,0.161953632155524,0.014706582032206372,0.016473861597670947,0.009499090506813412,0.03964108770579411,0.010847232806392382,0.01651503217307887,0.020536058066860638,0.011629754485144445,0.05626734483890994,0.3271666097880772,0.020023250723271824,0.0073822821693838026,0.011136731477431605,0.010245016118536232,0.1776505044221211,0.10859136436859274,0.05290290127046643,0.012874549227201215
